Фамилия;Имя;Отчество;Id_Пола;почта;датарождения;Id_Страны;телефон;Id_Направления;Id_События;пароль;фото
Царева;Виктория;Давидовна;1;iunhxq41tgr5@tutanota.com;7.3.1988;203;75671037332;4;1;FYi396Dd5u;foto9.jpg
Зорин;Дмитрий;Маркович;2;ofdt4z1bijq0@tutanota.com;9.7.1993;162;7796440106;4;2;7gi7E8K4Ng;foto10.jpg
Зотова;Анна;Тимуровна;2;ac6yxzg7rl5k@mail.com;9.01.1990;96;74886431998;4;3;3L3eA5eEg3;foto8.jpg
Соловьев;Тимур;Константинович;1;b1p4ur8nsedj@yahoo.com;9.3.1992;125;718285043949;1;4;Si8S5kS83v;foto11.jpg
Малахов;Александр;Фёдорович;1;wyo6k9emv1j5@mail.com;5.11.1957;233;79057936823;2;5;T83vfX2Z3b;foto12.jpg
Зорин;Марк;Ярославович;1;g7kwp8lu65xi@tutanota.com;3.9.1961;91;7545226054;4;6;25cPn58HxV;foto13.jpg
Егорова;Ева;Михайловна;1;doj5r1m8xnky@gmail.com;6.5.1987;33;7054414814;1;7;3z86YDzaX8;foto14.jpg
Гущина;Кристина;Львовна;1;bxk06h5touyr@mail.com;6.8.1966;183;70238262526;4;8;t8F9hZXp89;foto16.jpg
Кудрявцева;Виктория;Романовна;2;26yf8xbcntgp@gmail.com;1.7.1953;71;778045826490;4;9;92mARR3gu4;foto17.jpg
Новикова;Александра;Александровна;1;0z4fvq65c7tg@gmail.com;9.2.1982;150;714721225607;1;10;Kf64Y6rhZ3;foto18.jpg
Масленников;Родион;Филиппович;1;3kma18t5furi@gmail.com;6.9.1952;235;7239127167;4;11;s7iAYE9d38;foto19.jpg
Иванов;Тимур;Иванович;2;ws7nxyhd6g1o@yahoo.com;8.3.1955;99;759394898518;4;12;3Ga9jfT9D2;foto20.jpg
Иванов;Сергей;Степанович;2;oitzvs1mylj2@gmail.com;9.1.1993;165;740200344835;1;13;N6598CFsgi;foto21.jpg
Спиридонов;Ярослав;Сергеевич;1;las6pufjkv45@outlook.com;4.2.1969;156;7178437726;3;14;DV5625Zfmj;foto22.jpg
Виноградова;Эмилия;Валерьевна;2;nl81b9i7s0ka@gmail.com;10.5.1991;61;7167884297;1;15;22YyD83dMg;foto23.jpg
Мартынова;Ева;Семёновна;2;ma87ser3gkj9@yahoo.com;3.4.1984;232;70872678785;3;16;522EmkEmA6;foto24.jpg
Яковлева;Анисия;Григорьевна;2;dfmygtwpecj9@tutanota.com;9.1.1997;44;77987119289;4;17;uf9u227NYU;foto25.jpg
Свиридов;Тимофей;Александрович;2;82zju4yritwo@mail.com;7.2.1991;186;7688822810;4;18;4UDk9p76mD;foto26.jpg
Медведев;Захар;Даниилович;1;zo6nye42s87t@yahoo.com;4.1.1960;123;7362307977;1;19;cK49u3JU4n;foto27.jpg
Тихонова;Елизавета;Александровна;2;0cejwmnpqtb6@gmail.com;1.7.1955;19;725942242837;3;20;b2JHb32S8i;foto28.jpg
Рыжов;Роман;Константинович;2;42thql96cwe5@yahoo.com;12.3.1981;101;710090256470;1;20;uASc9446eF;foto29.jpg